question_id,concept_id
Q1,C1
Q2,C1
Q3,C1
Q4,C1
Q5,C2
Q6,C2
Q7,C2
Q8,C2
Q9,C3
Q10,C3
Q11,C3
Q12,C3
Q13,C4
Q14,C4
Q15,C4
Q16,C4
Q17,C5
Q18,C5
Q19,C5
Q20,C5
Q21,C6
Q22,C6
Q23,C6
Q24,C6
Q25,C7
Q26,C7
Q27,C7
Q28,C7
Q29,C8
Q30,C8
Q31,C8
Q32,C8
Q33,C9
Q34,C9
Q35,C9
Q36,C9
Q37,C10
Q38,C10
Q39,C10
Q40,C10
